"0","rf_wf <- workflow() %>%"
"0","  add_model(rf_spec) %>% "
"0","  add_recipe(titanic_recipe)"
"0","  "
"0","rf_tune_res <- tune_grid("
"0","  rf_wf,"
"0","  grid = tune_grid,"
"0","  resamples = vb_folds,"
"0","  control = control_grid(verbose = T, save_pred = T)"
"0",")"
"2","[34mi[39m [30mFold1: preprocessor 1/1[39m
"
"2","[33m![39m [33mFold1: preprocessor 1/1: There are new levels in a factor: NA[39m
"
"2","[32m✓[39m [30mFold1: preprocessor 1/1[39m
"
"2","[34mi[39m [30mFold1: preprocessor 1/1, model 1/336[39m
"
"2","[32m✓[39m [30mFold1: preprocessor 1/1, model 1/336[39m
"
"2","[34mi[39m [30mFold1: preprocessor 1/1, model 1/336 (predictions)[39m
"
"2","[33m![39m [33mFold1: preprocessor 1/1, model 1/336 (predictions): There are new levels in a fac...[39m
"
"2","[34mi[39m [30mFold1: preprocessor 1/1, model 2/336[39m
"
"2","[32m✓[39m [30mFold1: preprocessor 1/1, model 2/336[39m
"
"2","[34mi[39m [30mFold1: preprocessor 1/1, model 2/336 (predictions)[39m
"
"2","[33m![39m [33mFold1: preprocessor 1/1, model 2/336 (predictions): There are new levels in a fac...[39m
"
"2","[34mi[39m [30mFold1: preprocessor 1/1, model 3/336[39m
"
"2","[32m✓[39m [30mFold1: preprocessor 1/1, model 3/336[39m
"
"2","[34mi[39m [30mFold1: preprocessor 1/1, model 3/336 (predictions)[39m
"
"2","[33m![39m [33mFold1: preprocessor 1/1, model 3/336 (predictions): There are new levels in a fac...[39m
"
"2","[34mi[39m [30mFold1: preprocessor 1/1, model 4/336[39m
"
"2","[32m✓[39m [30mFold1: preprocessor 1/1, model 4/336[39m
"
"2","[34mi[39m [30mFold1: preprocessor 1/1, model 4/336 (predictions)[39m
"
"2","[33m![39m [33mFold1: preprocessor 1/1, model 4/336 (predictions): There are new levels in a fac...[39m
"
"2","[34mi[39m [30mFold1: preprocessor 1/1, model 5/336[39m
"
"2","[32m✓[39m [30mFold1: preprocessor 1/1, model 5/336[39m
"
"2","[34mi[39m [30mFold1: preprocessor 1/1, model 5/336 (predictions)[39m
"
"2","[33m![39m [33mFold1: preprocessor 1/1, model 5/336 (predictions): There are new levels in a fac...[39m
"
"2","[34mi[39m [30mFold1: preprocessor 1/1, model 6/336[39m
"
"2","[32m✓[39m [30mFold1: preprocessor 1/1, model 6/336[39m
"
"2","[34mi[39m [30mFold1: preprocessor 1/1, model 6/336 (predictions)[39m
"
"2","[33m![39m [33mFold1: preprocessor 1/1, model 6/336 (predictions): There are new levels in a fac...[39m
"
"2","[34mi[39m [30mFold1: preprocessor 1/1, model 7/336[39m
"
"2","[32m✓[39m [30mFold1: preprocessor 1/1, model 7/336[39m
"
"2","[34mi[39m [30mFold1: preprocessor 1/1, model 7/336 (predictions)[39m
"
"2","[33m![39m [33mFold1: preprocessor 1/1, model 7/336 (predictions): There are new levels in a fac...[39m
"
"2","[34mi[39m [30mFold1: preprocessor 1/1, model 8/336[39m
"
"2","[32m✓[39m [30mFold1: preprocessor 1/1, model 8/336[39m
"
"2","[34mi[39m [30mFold1: preprocessor 1/1, model 8/336 (predictions)[39m
"
"2","[33m![39m [33mFold1: preprocessor 1/1, model 8/336 (predictions): There are new levels in a fac...[39m
"
"2","[34mi[39m [30mFold1: preprocessor 1/1, model 9/336[39m
"
"2","[32m✓[39m [30mFold1: preprocessor 1/1, model 9/336[39m
"
"2","[34mi[39m [30mFold1: preprocessor 1/1, model 9/336 (predictions)[39m
"
"2","[33m![39m [33mFold1: preprocessor 1/1, model 9/336 (predictions): There are new levels in a fac...[39m
"
"2","[34mi[39m [30mFold1: preprocessor 1/1, model 10/336[39m
"
"2","[32m✓[39m [30mFold1: preprocessor 1/1, model 10/336[39m
"
"2","[34mi[39m [30mFold1: preprocessor 1/1, model 10/336 (predictions)[39m
"
"2","[33m![39m [33mFold1: preprocessor 1/1, model 10/336 (predictions): There are new levels in a fa...[39m
"
"2","[34mi[39m [30mFold1: preprocessor 1/1, model 11/336[39m
"
"2","[32m✓[39m [30mFold1: preprocessor 1/1, model 11/336[39m
"
"2","[34mi[39m [30mFold1: preprocessor 1/1, model 11/336 (predictions)[39m
"
"2","[33m![39m [33mFold1: preprocessor 1/1, model 11/336 (predictions): There are new levels in a fa...[39m
"
"2","[34mi[39m [30mFold1: preprocessor 1/1, model 12/336[39m
"
"2","[32m✓[39m [30mFold1: preprocessor 1/1, model 12/336[39m
"
"2","[34mi[39m [30mFold1: preprocessor 1/1, model 12/336 (predictions)[39m
"
"2","[33m![39m [33mFold1: preprocessor 1/1, model 12/336 (predictions): There are new levels in a fa...[39m
"
"2","[34mi[39m [30mFold1: preprocessor 1/1, model 13/336[39m
"
"2","[32m✓[39m [30mFold1: preprocessor 1/1, model 13/336[39m
"
"2","[34mi[39m [30mFold1: preprocessor 1/1, model 13/336 (predictions)[39m
"
"2","[33m![39m [33mFold1: preprocessor 1/1, model 13/336 (predictions): There are new levels in a fa...[39m
"
"2","[34mi[39m [30mFold1: preprocessor 1/1, model 14/336[39m
"
"2","[32m✓[39m [30mFold1: preprocessor 1/1, model 14/336[39m
"
"2","[34mi[39m [30mFold1: preprocessor 1/1, model 14/336 (predictions)[39m
"
"2","[33m![39m [33mFold1: preprocessor 1/1, model 14/336 (predictions): There are new levels in a fa...[39m
"
"2","[34mi[39m [30mFold1: preprocessor 1/1, model 15/336[39m
"
"2","[33m![39m [33mFold1: preprocessor 1/1, model 15/336: 16 columns were requested but there were 1...[39m
"
"2","[32m✓[39m [30mFold1: preprocessor 1/1, model 15/336[39m
"
"2","[34mi[39m [30mFold1: preprocessor 1/1, model 15/336 (predictions)[39m
"
"2","[33m![39m [33mFold1: preprocessor 1/1, model 15/336 (predictions): There are new levels in a fa...[39m
"
"2","[34mi[39m [30mFold1: preprocessor 1/1, model 16/336[39m
"
"2","[33m![39m [33mFold1: preprocessor 1/1, model 16/336: 17 columns were requested but there were 1...[39m
"
"2","[32m✓[39m [30mFold1: preprocessor 1/1, model 16/336[39m
"
"2","[34mi[39m [30mFold1: preprocessor 1/1, model 16/336 (predictions)[39m
"
"2","[33m![39m [33mFold1: preprocessor 1/1, model 16/336 (predictions): There are new levels in a fa...[39m
"
"2","[34mi[39m [30mFold1: preprocessor 1/1, model 17/336[39m
"
"2","[33m![39m [33mFold1: preprocessor 1/1, model 17/336: 18 columns were requested but there were 1...[39m
"
"2","[32m✓[39m [30mFold1: preprocessor 1/1, model 17/336[39m
"
"2","[34mi[39m [30mFold1: preprocessor 1/1, model 17/336 (predictions)[39m
"
"2","[33m![39m [33mFold1: preprocessor 1/1, model 17/336 (predictions): There are new levels in a fa...[39m
"
"2","[34mi[39m [30mFold1: preprocessor 1/1, model 18/336[39m
"
"2","[33m![39m [33mFold1: preprocessor 1/1, model 18/336: 19 columns were requested but there were 1...[39m
"
"2","[32m✓[39m [30mFold1: preprocessor 1/1, model 18/336[39m
"
"2","[34mi[39m [30mFold1: preprocessor 1/1, model 18/336 (predictions)[39m
"
"2","[33m![39m [33mFold1: preprocessor 1/1, model 18/336 (predictions): There are new levels in a fa...[39m
"
"2","[34mi[39m [30mFold1: preprocessor 1/1, model 19/336[39m
"
"2","[33m![39m [33mFold1: preprocessor 1/1, model 19/336: 20 columns were requested but there were 1...[39m
"
"2","[32m✓[39m [30mFold1: preprocessor 1/1, model 19/336[39m
"
"2","[34mi[39m [30mFold1: preprocessor 1/1, model 19/336 (predictions)[39m
"
"2","[33m![39m [33mFold1: preprocessor 1/1, model 19/336 (predictions): There are new levels in a fa...[39m
"
"2","[34mi[39m [30mFold1: preprocessor 1/1, model 20/336[39m
"
"2","[33m![39m [33mFold1: preprocessor 1/1, model 20/336: 21 columns were requested but there were 1...[39m
"
"2","[32m✓[39m [30mFold1: preprocessor 1/1, model 20/336[39m
"
"2","[34mi[39m [30mFold1: preprocessor 1/1, model 20/336 (predictions)[39m
"
"2","[33m![39m [33mFold1: preprocessor 1/1, model 20/336 (predictions): There are new levels in a fa...[39m
"
"2","[34mi[39m [30mFold1: preprocessor 1/1, model 21/336[39m
"
"2","[33m![39m [33mFold1: preprocessor 1/1, model 21/336: 22 columns were requested but there were 1...[39m
"
"2","[32m✓[39m [30mFold1: preprocessor 1/1, model 21/336[39m
"
"2","[34mi[39m [30mFold1: preprocessor 1/1, model 21/336 (predictions)[39m
"
"2","[33m![39m [33mFold1: preprocessor 1/1, model 21/336 (predictions): There are new levels in a fa...[39m
"
"2","[34mi[39m [30mFold1: preprocessor 1/1, model 22/336[39m
"
"2","[33m![39m [33mFold1: preprocessor 1/1, model 22/336: 23 columns were requested but there were 1...[39m
"
"2","[32m✓[39m [30mFold1: preprocessor 1/1, model 22/336[39m
"
"2","[34mi[39m [30mFold1: preprocessor 1/1, model 22/336 (predictions)[39m
"
"2","[33m![39m [33mFold1: preprocessor 1/1, model 22/336 (predictions): There are new levels in a fa...[39m
"
"2","[34mi[39m [30mFold1: preprocessor 1/1, model 23/336[39m
"
"2","[33m![39m [33mFold1: preprocessor 1/1, model 23/336: 24 columns were requested but there were 1...[39m
"
"2","[32m✓[39m [30mFold1: preprocessor 1/1, model 23/336[39m
"
"2","[34mi[39m [30mFold1: preprocessor 1/1, model 23/336 (predictions)[39m
"
"2","[33m![39m [33mFold1: preprocessor 1/1, model 23/336 (predictions): There are new levels in a fa...[39m
"
"2","[34mi[39m [30mFold1: preprocessor 1/1, model 24/336[39m
"
"2","[33m![39m [33mFold1: preprocessor 1/1, model 24/336: 25 columns were requested but there were 1...[39m
"
"2","[32m✓[39m [30mFold1: preprocessor 1/1, model 24/336[39m
"
"2","[34mi[39m [30mFold1: preprocessor 1/1, model 24/336 (predictions)[39m
"
"2","[33m![39m [33mFold1: preprocessor 1/1, model 24/336 (predictions): There are new levels in a fa...[39m
"
"2","[34mi[39m [30mFold1: preprocessor 1/1, model 25/336[39m
"
"2","[32m✓[39m [30mFold1: preprocessor 1/1, model 25/336[39m
"
"2","[34mi[39m [30mFold1: preprocessor 1/1, model 25/336 (predictions)[39m
"
"2","[33m![39m [33mFold1: preprocessor 1/1, model 25/336 (predictions): There are new levels in a fa...[39m
"
"2","[34mi[39m [30mFold1: preprocessor 1/1, model 26/336[39m
"
"2","[32m✓[39m [30mFold1: preprocessor 1/1, model 26/336[39m
"
"2","[34mi[39m [30mFold1: preprocessor 1/1, model 26/336 (predictions)[39m
"
"2","[33m![39m [33mFold1: preprocessor 1/1, model 26/336 (predictions): There are new levels in a fa...[39m
"
"2","[34mi[39m [30mFold1: preprocessor 1/1, model 27/336[39m
"
"2","[32m✓[39m [30mFold1: preprocessor 1/1, model 27/336[39m
"
"2","[34mi[39m [30mFold1: preprocessor 1/1, model 27/336 (predictions)[39m
"
"2","[33m![39m [33mFold1: preprocessor 1/1, model 27/336 (predictions): There are new levels in a fa...[39m
"
"2","[34mi[39m [30mFold1: preprocessor 1/1, model 28/336[39m
"
"2","[32m✓[39m [30mFold1: preprocessor 1/1, model 28/336[39m
"
"2","[34mi[39m [30mFold1: preprocessor 1/1, model 28/336 (predictions)[39m
"
"2","[33m![39m [33mFold1: preprocessor 1/1, model 28/336 (predictions): There are new levels in a fa...[39m
"
"2","[34mi[39m [30mFold1: preprocessor 1/1, model 29/336[39m
"
"2","[32m✓[39m [30mFold1: preprocessor 1/1, model 29/336[39m
"
"2","[34mi[39m [30mFold1: preprocessor 1/1, model 29/336 (predictions)[39m
"
"2","[33m![39m [33mFold1: preprocessor 1/1, model 29/336 (predictions): There are new levels in a fa...[39m
"
"2","[34mi[39m [30mFold1: preprocessor 1/1, model 30/336[39m
"
"2","[32m✓[39m [30mFold1: preprocessor 1/1, model 30/336[39m
"
"2","[34mi[39m [30mFold1: preprocessor 1/1, model 30/336 (predictions)[39m
"
"2","[33m![39m [33mFold1: preprocessor 1/1, model 30/336 (predictions): There are new levels in a fa...[39m
"
"2","[34mi[39m [30mFold1: preprocessor 1/1, model 31/336[39m
"
"2","[32m✓[39m [30mFold1: preprocessor 1/1, model 31/336[39m
"
"2","[34mi[39m [30mFold1: preprocessor 1/1, model 31/336 (predictions)[39m
"
"2","[33m![39m [33mFold1: preprocessor 1/1, model 31/336 (predictions): There are new levels in a fa...[39m
"
"2","[34mi[39m [30mFold1: preprocessor 1/1, model 32/336[39m
"
"2","[32m✓[39m [30mFold1: preprocessor 1/1, model 32/336[39m
"
"2","[34mi[39m [30mFold1: preprocessor 1/1, model 32/336 (predictions)[39m
"
"2","[33m![39m [33mFold1: preprocessor 1/1, model 32/336 (predictions): There are new levels in a fa...[39m
"
"2","[34mi[39m [30mFold1: preprocessor 1/1, model 33/336[39m
"
"2","[32m✓[39m [30mFold1: preprocessor 1/1, model 33/336[39m
"
"2","[34mi[39m [30mFold1: preprocessor 1/1, model 33/336 (predictions)[39m
"
"2","[33m![39m [33mFold1: preprocessor 1/1, model 33/336 (predictions): There are new levels in a fa...[39m
"
"2","[34mi[39m [30mFold1: preprocessor 1/1, model 34/336[39m
"
"2","[32m✓[39m [30mFold1: preprocessor 1/1, model 34/336[39m
"
"2","[34mi[39m [30mFold1: preprocessor 1/1, model 34/336 (predictions)[39m
"
"2","[33m![39m [33mFold1: preprocessor 1/1, model 34/336 (predictions): There are new levels in a fa...[39m
"
"2","[34mi[39m [30mFold1: preprocessor 1/1, model 35/336[39m
"
"2","[32m✓[39m [30mFold1: preprocessor 1/1, model 35/336[39m
"
"2","[34mi[39m [30mFold1: preprocessor 1/1, model 35/336 (predictions)[39m
"
"2","[33m![39m [33mFold1: preprocessor 1/1, model 35/336 (predictions): There are new levels in a fa...[39m
"
"2","[34mi[39m [30mFold1: preprocessor 1/1, model 36/336[39m
"
"2","[32m✓[39m [30mFold1: preprocessor 1/1, model 36/336[39m
"
"2","[34mi[39m [30mFold1: preprocessor 1/1, model 36/336 (predictions)[39m
"
"2","[33m![39m [33mFold1: preprocessor 1/1, model 36/336 (predictions): There are new levels in a fa...[39m
"
"2","[34mi[39m [30mFold1: preprocessor 1/1, model 37/336[39m
"
"2","[32m✓[39m [30mFold1: preprocessor 1/1, model 37/336[39m
"
"2","[34mi[39m [30mFold1: preprocessor 1/1, model 37/336 (predictions)[39m
"
"2","[33m![39m [33mFold1: preprocessor 1/1, model 37/336 (predictions): There are new levels in a fa...[39m
"
"2","[34mi[39m [30mFold1: preprocessor 1/1, model 38/336[39m
"
"2","[32m✓[39m [30mFold1: preprocessor 1/1, model 38/336[39m
"
"2","[34mi[39m [30mFold1: preprocessor 1/1, model 38/336 (predictions)[39m
"
"2","[33m![39m [33mFold1: preprocessor 1/1, model 38/336 (predictions): There are new levels in a fa...[39m
"
"2","[34mi[39m [30mFold1: preprocessor 1/1, model 39/336[39m
"
"2","[33m![39m [33mFold1: preprocessor 1/1, model 39/336: 16 columns were requested but there were 1...[39m
"
"2","[32m✓[39m [30mFold1: preprocessor 1/1, model 39/336[39m
"
"2","[34mi[39m [30mFold1: preprocessor 1/1, model 39/336 (predictions)[39m
"
"2","[33m![39m [33mFold1: preprocessor 1/1, model 39/336 (predictions): There are new levels in a fa...[39m
"
"2","[34mi[39m [30mFold1: preprocessor 1/1, model 40/336[39m
"
"2","[33m![39m [33mFold1: preprocessor 1/1, model 40/336: 17 columns were requested but there were 1...[39m
"
"2","[32m✓[39m [30mFold1: preprocessor 1/1, model 40/336[39m
"
"2","[34mi[39m [30mFold1: preprocessor 1/1, model 40/336 (predictions)[39m
"
"2","[33m![39m [33mFold1: preprocessor 1/1, model 40/336 (predictions): There are new levels in a fa...[39m
"
"2","[34mi[39m [30mFold1: preprocessor 1/1, model 41/336[39m
"
"2","[33m![39m [33mFold1: preprocessor 1/1, model 41/336: 18 columns were requested but there were 1...[39m
"
"2","[32m✓[39m [30mFold1: preprocessor 1/1, model 41/336[39m
"
"2","[34mi[39m [30mFold1: preprocessor 1/1, model 41/336 (predictions)[39m
"
"2","[33m![39m [33mFold1: preprocessor 1/1, model 41/336 (predictions): There are new levels in a fa...[39m
"
"2","[34mi[39m [30mFold1: preprocessor 1/1, model 42/336[39m
"
"2","[33m![39m [33mFold1: preprocessor 1/1, model 42/336: 19 columns were requested but there were 1...[39m
"
"2","[32m✓[39m [30mFold1: preprocessor 1/1, model 42/336[39m
"
"2","[34mi[39m [30mFold1: preprocessor 1/1, model 42/336 (predictions)[39m
"
"2","[33m![39m [33mFold1: preprocessor 1/1, model 42/336 (predictions): There are new levels in a fa...[39m
"
"2","[34mi[39m [30mFold1: preprocessor 1/1, model 43/336[39m
"
"2","[33m![39m [33mFold1: preprocessor 1/1, model 43/336: 20 columns were requested but there were 1...[39m
"
"2","[32m✓[39m [30mFold1: preprocessor 1/1, model 43/336[39m
"
"2","[34mi[39m [30mFold1: preprocessor 1/1, model 43/336 (predictions)[39m
"
"2","[33m![39m [33mFold1: preprocessor 1/1, model 43/336 (predictions): There are new levels in a fa...[39m
"
"2","[34mi[39m [30mFold1: preprocessor 1/1, model 44/336[39m
"
"2","[33m![39m [33mFold1: preprocessor 1/1, model 44/336: 21 columns were requested but there were 1...[39m
"
"2","[32m✓[39m [30mFold1: preprocessor 1/1, model 44/336[39m
"
"2","[34mi[39m [30mFold1: preprocessor 1/1, model 44/336 (predictions)[39m
"
"2","[33m![39m [33mFold1: preprocessor 1/1, model 44/336 (predictions): There are new levels in a fa...[39m
"
"2","[34mi[39m [30mFold1: preprocessor 1/1, model 45/336[39m
"
"2","[33m![39m [33mFold1: preprocessor 1/1, model 45/336: 22 columns were requested but there were 1...[39m
"
"2","[32m✓[39m [30mFold1: preprocessor 1/1, model 45/336[39m
"
"2","[34mi[39m [30mFold1: preprocessor 1/1, model 45/336 (predictions)[39m
"
"2","[33m![39m [33mFold1: preprocessor 1/1, model 45/336 (predictions): There are new levels in a fa...[39m
"
"2","[34mi[39m [30mFold1: preprocessor 1/1, model 46/336[39m
"
"2","[33m![39m [33mFold1: preprocessor 1/1, model 46/336: 23 columns were requested but there were 1...[39m
"
"2","[32m✓[39m [30mFold1: preprocessor 1/1, model 46/336[39m
"
"2","[34mi[39m [30mFold1: preprocessor 1/1, model 46/336 (predictions)[39m
"
"2","[33m![39m [33mFold1: preprocessor 1/1, model 46/336 (predictions): There are new levels in a fa...[39m
"
"2","[34mi[39m [30mFold1: preprocessor 1/1, model 47/336[39m
"
"2","[33m![39m [33mFold1: preprocessor 1/1, model 47/336: 24 columns were requested but there were 1...[39m
"
"2","[32m✓[39m [30mFold1: preprocessor 1/1, model 47/336[39m
"
"2","[34mi[39m [30mFold1: preprocessor 1/1, model 47/336 (predictions)[39m
"
"2","[33m![39m [33mFold1: preprocessor 1/1, model 47/336 (predictions): There are new levels in a fa...[39m
"
"2","[34mi[39m [30mFold1: preprocessor 1/1, model 48/336[39m
"
"2","[33m![39m [33mFold1: preprocessor 1/1, model 48/336: 25 columns were requested but there were 1...[39m
"
"2","[32m✓[39m [30mFold1: preprocessor 1/1, model 48/336[39m
"
"2","[34mi[39m [30mFold1: preprocessor 1/1, model 48/336 (predictions)[39m
"
"2","[33m![39m [33mFold1: preprocessor 1/1, model 48/336 (predictions): There are new levels in a fa...[39m
"
"2","[34mi[39m [30mFold1: preprocessor 1/1, model 49/336[39m
"
"2","[32m✓[39m [30mFold1: preprocessor 1/1, model 49/336[39m
"
"2","[34mi[39m [30mFold1: preprocessor 1/1, model 49/336 (predictions)[39m
"
"2","[33m![39m [33mFold1: preprocessor 1/1, model 49/336 (predictions): There are new levels in a fa...[39m
"
"2","[34mi[39m [30mFold1: preprocessor 1/1, model 50/336[39m
"
"2","[32m✓[39m [30mFold1: preprocessor 1/1, model 50/336[39m
"
"2","[34mi[39m [30mFold1: preprocessor 1/1, model 50/336 (predictions)[39m
"
"2","[33m![39m [33mFold1: preprocessor 1/1, model 50/336 (predictions): There are new levels in a fa...[39m
"
"2","[34mi[39m [30mFold1: preprocessor 1/1, model 51/336[39m
"
"2","[32m✓[39m [30mFold1: preprocessor 1/1, model 51/336[39m
"
"2","[34mi[39m [30mFold1: preprocessor 1/1, model 51/336 (predictions)[39m
"
"2","[33m![39m [33mFold1: preprocessor 1/1, model 51/336 (predictions): There are new levels in a fa...[39m
"
"2","[34mi[39m [30mFold1: preprocessor 1/1, model 52/336[39m
"
"2","[32m✓[39m [30mFold1: preprocessor 1/1, model 52/336[39m
"
"2","[34mi[39m [30mFold1: preprocessor 1/1, model 52/336 (predictions)[39m
"
"2","[33m![39m [33mFold1: preprocessor 1/1, model 52/336 (predictions): There are new levels in a fa...[39m
"
"2","[34mi[39m [30mFold1: preprocessor 1/1, model 53/336[39m
"
"2","[32m✓[39m [30mFold1: preprocessor 1/1, model 53/336[39m
"
"2","[34mi[39m [30mFold1: preprocessor 1/1, model 53/336 (predictions)[39m
"
"2","[33m![39m [33mFold1: preprocessor 1/1, model 53/336 (predictions): There are new levels in a fa...[39m
"
"2","[34mi[39m [30mFold1: preprocessor 1/1, model 54/336[39m
"
"2","[32m✓[39m [30mFold1: preprocessor 1/1, model 54/336[39m
"
"2","[34mi[39m [30mFold1: preprocessor 1/1, model 54/336 (predictions)[39m
"
"2","[33m![39m [33mFold1: preprocessor 1/1, model 54/336 (predictions): There are new levels in a fa...[39m
"
"2","[34mi[39m [30mFold1: preprocessor 1/1, model 55/336[39m
"
"2","[32m✓[39m [30mFold1: preprocessor 1/1, model 55/336[39m
"
"2","[34mi[39m [30mFold1: preprocessor 1/1, model 55/336 (predictions)[39m
"
"2","[33m![39m [33mFold1: preprocessor 1/1, model 55/336 (predictions): There are new levels in a fa...[39m
"
"2","[34mi[39m [30mFold1: preprocessor 1/1, model 56/336[39m
"
"2","[32m✓[39m [30mFold1: preprocessor 1/1, model 56/336[39m
"
"2","[34mi[39m [30mFold1: preprocessor 1/1, model 56/336 (predictions)[39m
"
"2","[33m![39m [33mFold1: preprocessor 1/1, model 56/336 (predictions): There are new levels in a fa...[39m
"
"2","[34mi[39m [30mFold1: preprocessor 1/1, model 57/336[39m
"
"2","[32m✓[39m [30mFold1: preprocessor 1/1, model 57/336[39m
"
"2","[34mi[39m [30mFold1: preprocessor 1/1, model 57/336 (predictions)[39m
"
"2","[33m![39m [33mFold1: preprocessor 1/1, model 57/336 (predictions): There are new levels in a fa...[39m
"
"2","[34mi[39m [30mFold1: preprocessor 1/1, model 58/336[39m
"
"2","[32m✓[39m [30mFold1: preprocessor 1/1, model 58/336[39m
"
"2","[34mi[39m [30mFold1: preprocessor 1/1, model 58/336 (predictions)[39m
"
"2","[33m![39m [33mFold1: preprocessor 1/1, model 58/336 (predictions): There are new levels in a fa...[39m
"
"2","[34mi[39m [30mFold1: preprocessor 1/1, model 59/336[39m
"
"2","[32m✓[39m [30mFold1: preprocessor 1/1, model 59/336[39m
"
"2","[34mi[39m [30mFold1: preprocessor 1/1, model 59/336 (predictions)[39m
"
"2","[33m![39m [33mFold1: preprocessor 1/1, model 59/336 (predictions): There are new levels in a fa...[39m
"
"2","[34mi[39m [30mFold1: preprocessor 1/1, model 60/336[39m
"
"2","[32m✓[39m [30mFold1: preprocessor 1/1, model 60/336[39m
"
"2","[34mi[39m [30mFold1: preprocessor 1/1, model 60/336 (predictions)[39m
"
"2","[33m![39m [33mFold1: preprocessor 1/1, model 60/336 (predictions): There are new levels in a fa...[39m
"
"2","[34mi[39m [30mFold1: preprocessor 1/1, model 61/336[39m
"
"2","[32m✓[39m [30mFold1: preprocessor 1/1, model 61/336[39m
"
"2","[34mi[39m [30mFold1: preprocessor 1/1, model 61/336 (predictions)[39m
"
"2","[33m![39m [33mFold1: preprocessor 1/1, model 61/336 (predictions): There are new levels in a fa...[39m
"
"2","[34mi[39m [30mFold1: preprocessor 1/1, model 62/336[39m
"
"2","[32m✓[39m [30mFold1: preprocessor 1/1, model 62/336[39m
"
"2","[34mi[39m [30mFold1: preprocessor 1/1, model 62/336 (predictions)[39m
"
"2","[33m![39m [33mFold1: preprocessor 1/1, model 62/336 (predictions): There are new levels in a fa...[39m
"
"2","[34mi[39m [30mFold1: preprocessor 1/1, model 63/336[39m
"
"2","[33m![39m [33mFold1: preprocessor 1/1, model 63/336: 16 columns were requested but there were 1...[39m
"
"2","[32m✓[39m [30mFold1: preprocessor 1/1, model 63/336[39m
"
"2","[34mi[39m [30mFold1: preprocessor 1/1, model 63/336 (predictions)[39m
"
"2","[33m![39m [33mFold1: preprocessor 1/1, model 63/336 (predictions): There are new levels in a fa...[39m
"
"2","[34mi[39m [30mFold1: preprocessor 1/1, model 64/336[39m
"
"2","[33m![39m [33mFold1: preprocessor 1/1, model 64/336: 17 columns were requested but there were 1...[39m
"
"2","[32m✓[39m [30mFold1: preprocessor 1/1, model 64/336[39m
"
"2","[34mi[39m [30mFold1: preprocessor 1/1, model 64/336 (predictions)[39m
"
"2","[33m![39m [33mFold1: preprocessor 1/1, model 64/336 (predictions): There are new levels in a fa...[39m
"
"2","[34mi[39m [30mFold1: preprocessor 1/1, model 65/336[39m
"
"2","[33m![39m [33mFold1: preprocessor 1/1, model 65/336: 18 columns were requested but there were 1...[39m
"
"2","[32m✓[39m [30mFold1: preprocessor 1/1, model 65/336[39m
"
"2","[34mi[39m [30mFold1: preprocessor 1/1, model 65/336 (predictions)[39m
"
"2","[33m![39m [33mFold1: preprocessor 1/1, model 65/336 (predictions): There are new levels in a fa...[39m
"
"2","[34mi[39m [30mFold1: preprocessor 1/1, model 66/336[39m
"
"2","[33m![39m [33mFold1: preprocessor 1/1, model 66/336: 19 columns were requested but there were 1...[39m
"
"2","[32m✓[39m [30mFold1: preprocessor 1/1, model 66/336[39m
"
"2","[34mi[39m [30mFold1: preprocessor 1/1, model 66/336 (predictions)[39m
"
"2","[33m![39m [33mFold1: preprocessor 1/1, model 66/336 (predictions): There are new levels in a fa...[39m
"
"2","[34mi[39m [30mFold1: preprocessor 1/1, model 67/336[39m
"
"2","[33m![39m [33mFold1: preprocessor 1/1, model 67/336: 20 columns were requested but there were 1...[39m
"
"2","[32m✓[39m [30mFold1: preprocessor 1/1, model 67/336[39m
"
"2","[34mi[39m [30mFold1: preprocessor 1/1, model 67/336 (predictions)[39m
"
"2","[33m![39m [33mFold1: preprocessor 1/1, model 67/336 (predictions): There are new levels in a fa...[39m
"
"2","[34mi[39m [30mFold1: preprocessor 1/1, model 68/336[39m
"
"2","[33m![39m [33mFold1: preprocessor 1/1, model 68/336: 21 columns were requested but there were 1...[39m
"
"2","[32m✓[39m [30mFold1: preprocessor 1/1, model 68/336[39m
"
"2","[34mi[39m [30mFold1: preprocessor 1/1, model 68/336 (predictions)[39m
"
"2","[33m![39m [33mFold1: preprocessor 1/1, model 68/336 (predictions): There are new levels in a fa...[39m
"
"2","[34mi[39m [30mFold1: preprocessor 1/1, model 69/336[39m
"
"2","[33m![39m [33mFold1: preprocessor 1/1, model 69/336: 22 columns were requested but there were 1...[39m
"
"2","[32m✓[39m [30mFold1: preprocessor 1/1, model 69/336[39m
"
"2","[34mi[39m [30mFold1: preprocessor 1/1, model 69/336 (predictions)[39m
"
"2","[33m![39m [33mFold1: preprocessor 1/1, model 69/336 (predictions): There are new levels in a fa...[39m
"
"2","[34mi[39m [30mFold1: preprocessor 1/1, model 70/336[39m
"
"2","[33m![39m [33mFold1: preprocessor 1/1, model 70/336: 23 columns were requested but there were 1...[39m
"
"2","[32m✓[39m [30mFold1: preprocessor 1/1, model 70/336[39m
"
"2","[34mi[39m [30mFold1: preprocessor 1/1, model 70/336 (predictions)[39m
"
"2","[33m![39m [33mFold1: preprocessor 1/1, model 70/336 (predictions): There are new levels in a fa...[39m
"
"2","[34mi[39m [30mFold1: preprocessor 1/1, model 71/336[39m
"
"2","[33m![39m [33mFold1: preprocessor 1/1, model 71/336: 24 columns were requested but there were 1...[39m
"
"2","[32m✓[39m [30mFold1: preprocessor 1/1, model 71/336[39m
"
"2","[34mi[39m [30mFold1: preprocessor 1/1, model 71/336 (predictions)[39m
"
"2","[33m![39m [33mFold1: preprocessor 1/1, model 71/336 (predictions): There are new levels in a fa...[39m
"
"2","[34mi[39m [30mFold1: preprocessor 1/1, model 72/336[39m
"
"2","[33m![39m [33mFold1: preprocessor 1/1, model 72/336: 25 columns were requested but there were 1...[39m
"
"2","[32m✓[39m [30mFold1: preprocessor 1/1, model 72/336[39m
"
"2","[34mi[39m [30mFold1: preprocessor 1/1, model 72/336 (predictions)[39m
"
"2","[33m![39m [33mFold1: preprocessor 1/1, model 72/336 (predictions): There are new levels in a fa...[39m
"
"2","[34mi[39m [30mFold1: preprocessor 1/1, model 73/336[39m
"
"2","[32m✓[39m [30mFold1: preprocessor 1/1, model 73/336[39m
"
"2","[34mi[39m [30mFold1: preprocessor 1/1, model 73/336 (predictions)[39m
"
"2","[33m![39m [33mFold1: preprocessor 1/1, model 73/336 (predictions): There are new levels in a fa...[39m
"
"2","[34mi[39m [30mFold1: preprocessor 1/1, model 74/336[39m
"
"2","[32m✓[39m [30mFold1: preprocessor 1/1, model 74/336[39m
"
"2","[34mi[39m [30mFold1: preprocessor 1/1, model 74/336 (predictions)[39m
"
"2","[33m![39m [33mFold1: preprocessor 1/1, model 74/336 (predictions): There are new levels in a fa...[39m
"
"2","[34mi[39m [30mFold1: preprocessor 1/1, model 75/336[39m
"
"2","[32m✓[39m [30mFold1: preprocessor 1/1, model 75/336[39m
"
"2","[34mi[39m [30mFold1: preprocessor 1/1, model 75/336 (predictions)[39m
"
"2","[33m![39m [33mFold1: preprocessor 1/1, model 75/336 (predictions): There are new levels in a fa...[39m
"
"2","[34mi[39m [30mFold1: preprocessor 1/1, model 76/336[39m
"
"2","[32m✓[39m [30mFold1: preprocessor 1/1, model 76/336[39m
"
"2","[34mi[39m [30mFold1: preprocessor 1/1, model 76/336 (predictions)[39m
"
"2","[33m![39m [33mFold1: preprocessor 1/1, model 76/336 (predictions): There are new levels in a fa...[39m
"
"2","[34mi[39m [30mFold1: preprocessor 1/1, model 77/336[39m
"
"2","[32m✓[39m [30mFold1: preprocessor 1/1, model 77/336[39m
"
"2","[34mi[39m [30mFold1: preprocessor 1/1, model 77/336 (predictions)[39m
"
"2","[33m![39m [33mFold1: preprocessor 1/1, model 77/336 (predictions): There are new levels in a fa...[39m
"
"2","[34mi[39m [30mFold1: preprocessor 1/1, model 78/336[39m
"
"2","[32m✓[39m [30mFold1: preprocessor 1/1, model 78/336[39m
"
"2","[34mi[39m [30mFold1: preprocessor 1/1, model 78/336 (predictions)[39m
"
"2","[33m![39m [33mFold1: preprocessor 1/1, model 78/336 (predictions): There are new levels in a fa...[39m
"
"2","[34mi[39m [30mFold1: preprocessor 1/1, model 79/336[39m
"
"2","[32m✓[39m [30mFold1: preprocessor 1/1, model 79/336[39m
"
"2","[34mi[39m [30mFold1: preprocessor 1/1, model 79/336 (predictions)[39m
"
"2","[33m![39m [33mFold1: preprocessor 1/1, model 79/336 (predictions): There are new levels in a fa...[39m
"
"2","[34mi[39m [30mFold1: preprocessor 1/1, model 80/336[39m
"
"2","[32m✓[39m [30mFold1: preprocessor 1/1, model 80/336[39m
"
"2","[34mi[39m [30mFold1: preprocessor 1/1, model 80/336 (predictions)[39m
"
"2","[33m![39m [33mFold1: preprocessor 1/1, model 80/336 (predictions): There are new levels in a fa...[39m
"
"2","[34mi[39m [30mFold1: preprocessor 1/1, model 81/336[39m
"
"2","[32m✓[39m [30mFold1: preprocessor 1/1, model 81/336[39m
"
"2","[34mi[39m [30mFold1: preprocessor 1/1, model 81/336 (predictions)[39m
"
"2","[33m![39m [33mFold1: preprocessor 1/1, model 81/336 (predictions): There are new levels in a fa...[39m
"
"2","[34mi[39m [30mFold1: preprocessor 1/1, model 82/336[39m
"
"2","[32m✓[39m [30mFold1: preprocessor 1/1, model 82/336[39m
"
"2","[34mi[39m [30mFold1: preprocessor 1/1, model 82/336 (predictions)[39m
"
"2","[33m![39m [33mFold1: preprocessor 1/1, model 82/336 (predictions): There are new levels in a fa...[39m
"
"2","[34mi[39m [30mFold1: preprocessor 1/1, model 83/336[39m
"
"2","[32m✓[39m [30mFold1: preprocessor 1/1, model 83/336[39m
"
"2","[34mi[39m [30mFold1: preprocessor 1/1, model 83/336 (predictions)[39m
"
"2","[33m![39m [33mFold1: preprocessor 1/1, model 83/336 (predictions): There are new levels in a fa...[39m
"
"2","[34mi[39m [30mFold1: preprocessor 1/1, model 84/336[39m
"
"2","[32m✓[39m [30mFold1: preprocessor 1/1, model 84/336[39m
"
"2","[34mi[39m [30mFold1: preprocessor 1/1, model 84/336 (predictions)[39m
"
"2","[33m![39m [33mFold1: preprocessor 1/1, model 84/336 (predictions): There are new levels in a fa...[39m
"
"2","[34mi[39m [30mFold1: preprocessor 1/1, model 85/336[39m
"
"2","[32m✓[39m [30mFold1: preprocessor 1/1, model 85/336[39m
"
"2","[34mi[39m [30mFold1: preprocessor 1/1, model 85/336 (predictions)[39m
"
"2","[33m![39m [33mFold1: preprocessor 1/1, model 85/336 (predictions): There are new levels in a fa...[39m
"
"2","[34mi[39m [30mFold1: preprocessor 1/1, model 86/336[39m
"
"2","[32m✓[39m [30mFold1: preprocessor 1/1, model 86/336[39m
"
"2","[34mi[39m [30mFold1: preprocessor 1/1, model 86/336 (predictions)[39m
"
"2","[33m![39m [33mFold1: preprocessor 1/1, model 86/336 (predictions): There are new levels in a fa...[39m
"
"2","[34mi[39m [30mFold1: preprocessor 1/1, model 87/336[39m
"
"2","[33m![39m [33mFold1: preprocessor 1/1, model 87/336: 16 columns were requested but there were 1...[39m
"
"2","[32m✓[39m [30mFold1: preprocessor 1/1, model 87/336[39m
"
"2","[34mi[39m [30mFold1: preprocessor 1/1, model 87/336 (predictions)[39m
"
"2","[33m![39m [33mFold1: preprocessor 1/1, model 87/336 (predictions): There are new levels in a fa...[39m
"
"2","[34mi[39m [30mFold1: preprocessor 1/1, model 88/336[39m
"
"2","[33m![39m [33mFold1: preprocessor 1/1, model 88/336: 17 columns were requested but there were 1...[39m
"
"2","[32m✓[39m [30mFold1: preprocessor 1/1, model 88/336[39m
"
"2","[34mi[39m [30mFold1: preprocessor 1/1, model 88/336 (predictions)[39m
"
"2","[33m![39m [33mFold1: preprocessor 1/1, model 88/336 (predictions): There are new levels in a fa...[39m
"
"2","[34mi[39m [30mFold1: preprocessor 1/1, model 89/336[39m
"
"2","[33m![39m [33mFold1: preprocessor 1/1, model 89/336: 18 columns were requested but there were 1...[39m
"
"2","[32m✓[39m [30mFold1: preprocessor 1/1, model 89/336[39m
"
"2","[34mi[39m [30mFold1: preprocessor 1/1, model 89/336 (predictions)[39m
"
"2","[33m![39m [33mFold1: preprocessor 1/1, model 89/336 (predictions): There are new levels in a fa...[39m
"
"2","[34mi[39m [30mFold1: preprocessor 1/1, model 90/336[39m
"
"2","[33m![39m [33mFold1: preprocessor 1/1, model 90/336: 19 columns were requested but there were 1...[39m
"
"2","[32m✓[39m [30mFold1: preprocessor 1/1, model 90/336[39m
"
"2","[34mi[39m [30mFold1: preprocessor 1/1, model 90/336 (predictions)[39m
"
"2","[33m![39m [33mFold1: preprocessor 1/1, model 90/336 (predictions): There are new levels in a fa...[39m
"
"2","[34mi[39m [30mFold1: preprocessor 1/1, model 91/336[39m
"
"2","[33m![39m [33mFold1: preprocessor 1/1, model 91/336: 20 columns were requested but there were 1...[39m
"
"2","[32m✓[39m [30mFold1: preprocessor 1/1, model 91/336[39m
"
"2","[34mi[39m [30mFold1: preprocessor 1/1, model 91/336 (predictions)[39m
"
"2","[33m![39m [33mFold1: preprocessor 1/1, model 91/336 (predictions): There are new levels in a fa...[39m
"
"2","[34mi[39m [30mFold1: preprocessor 1/1, model 92/336[39m
"
"2","[33m![39m [33mFold1: preprocessor 1/1, model 92/336: 21 columns were requested but there were 1...[39m
"
"2","[32m✓[39m [30mFold1: preprocessor 1/1, model 92/336[39m
"
"2","[34mi[39m [30mFold1: preprocessor 1/1, model 92/336 (predictions)[39m
"
"2","[33m![39m [33mFold1: preprocessor 1/1, model 92/336 (predictions): There are new levels in a fa...[39m
"
"2","[34mi[39m [30mFold1: preprocessor 1/1, model 93/336[39m
"
"2","[33m![39m [33mFold1: preprocessor 1/1, model 93/336: 22 columns were requested but there were 1...[39m
"
"2","[32m✓[39m [30mFold1: preprocessor 1/1, model 93/336[39m
"
"2","[34mi[39m [30mFold1: preprocessor 1/1, model 93/336 (predictions)[39m
"
"2","[33m![39m [33mFold1: preprocessor 1/1, model 93/336 (predictions): There are new levels in a fa...[39m
"
"2","[34mi[39m [30mFold1: preprocessor 1/1, model 94/336[39m
"
"2","[33m![39m [33mFold1: preprocessor 1/1, model 94/336: 23 columns were requested but there were 1...[39m
"
"2","[32m✓[39m [30mFold1: preprocessor 1/1, model 94/336[39m
"
"2","[34mi[39m [30mFold1: preprocessor 1/1, model 94/336 (predictions)[39m
"
"2","[33m![39m [33mFold1: preprocessor 1/1, model 94/336 (predictions): There are new levels in a fa...[39m
"
"2","[34mi[39m [30mFold1: preprocessor 1/1, model 95/336[39m
"
"2","[33m![39m [33mFold1: preprocessor 1/1, model 95/336: 24 columns were requested but there were 1...[39m
"
"2","[32m✓[39m [30mFold1: preprocessor 1/1, model 95/336[39m
"
"2","[34mi[39m [30mFold1: preprocessor 1/1, model 95/336 (predictions)[39m
"
"2","[33m![39m [33mFold1: preprocessor 1/1, model 95/336 (predictions): There are new levels in a fa...[39m
"
"2","[34mi[39m [30mFold1: preprocessor 1/1, model 96/336[39m
"
"2","[33m![39m [33mFold1: preprocessor 1/1, model 96/336: 25 columns were requested but there were 1...[39m
"
"2","[32m✓[39m [30mFold1: preprocessor 1/1, model 96/336[39m
"
"2","[34mi[39m [30mFold1: preprocessor 1/1, model 96/336 (predictions)[39m
"
"2","[33m![39m [33mFold1: preprocessor 1/1, model 96/336 (predictions): There are new levels in a fa...[39m
"
"2","[34mi[39m [30mFold1: preprocessor 1/1, model 97/336[39m
"
"2","[32m✓[39m [30mFold1: preprocessor 1/1, model 97/336[39m
"
"2","[34mi[39m [30mFold1: preprocessor 1/1, model 97/336 (predictions)[39m
"
"2","[33m![39m [33mFold1: preprocessor 1/1, model 97/336 (predictions): There are new levels in a fa...[39m
"
"2","[34mi[39m [30mFold1: preprocessor 1/1, model 98/336[39m
"
"2","[32m✓[39m [30mFold1: preprocessor 1/1, model 98/336[39m
"
"2","[34mi[39m [30mFold1: preprocessor 1/1, model 98/336 (predictions)[39m
"
"2","[33m![39m [33mFold1: preprocessor 1/1, model 98/336 (predictions): There are new levels in a fa...[39m
"
"2","[34mi[39m [30mFold1: preprocessor 1/1, model 99/336[39m
"
"2","[32m✓[39m [30mFold1: preprocessor 1/1, model 99/336[39m
"
"2","[34mi[39m [30mFold1: preprocessor 1/1, model 99/336 (predictions)[39m
"
"2","[33m![39m [33mFold1: preprocessor 1/1, model 99/336 (predictions): There are new levels in a fa...[39m
"
"2","[34mi[39m [30mFold1: preprocessor 1/1, model 100/336[39m
"
"2","[32m✓[39m [30mFold1: preprocessor 1/1, model 100/336[39m
"
"2","[34mi[39m [30mFold1: preprocessor 1/1, model 100/336 (predictions)[39m
"
"2","[33m![39m [33mFold1: preprocessor 1/1, model 100/336 (predictions): There are new levels in a f...[39m
"
"2","[34mi[39m [30mFold1: preprocessor 1/1, model 101/336[39m
"
"2","[32m✓[39m [30mFold1: preprocessor 1/1, model 101/336[39m
"
"2","[34mi[39m [30mFold1: preprocessor 1/1, model 101/336 (predictions)[39m
"
"2","[33m![39m [33mFold1: preprocessor 1/1, model 101/336 (predictions): There are new levels in a f...[39m
"
"2","[34mi[39m [30mFold1: preprocessor 1/1, model 102/336[39m
"
"2","[32m✓[39m [30mFold1: preprocessor 1/1, model 102/336[39m
"
"2","[34mi[39m [30mFold1: preprocessor 1/1, model 102/336 (predictions)[39m
"
"2","[33m![39m [33mFold1: preprocessor 1/1, model 102/336 (predictions): There are new levels in a f...[39m
"
"2","[34mi[39m [30mFold1: preprocessor 1/1, model 103/336[39m
"
"2","[32m✓[39m [30mFold1: preprocessor 1/1, model 103/336[39m
"
"2","[34mi[39m [30mFold1: preprocessor 1/1, model 103/336 (predictions)[39m
"
"2","[33m![39m [33mFold1: preprocessor 1/1, model 103/336 (predictions): There are new levels in a f...[39m
"
"2","[34mi[39m [30mFold1: preprocessor 1/1, model 104/336[39m
"
"2","[32m✓[39m [30mFold1: preprocessor 1/1, model 104/336[39m
"
"2","[34mi[39m [30mFold1: preprocessor 1/1, model 104/336 (predictions)[39m
"
"2","[33m![39m [33mFold1: preprocessor 1/1, model 104/336 (predictions): There are new levels in a f...[39m
"
"2","[34mi[39m [30mFold1: preprocessor 1/1, model 105/336[39m
"
"2","[32m✓[39m [30mFold1: preprocessor 1/1, model 105/336[39m
"
"2","[34mi[39m [30mFold1: preprocessor 1/1, model 105/336 (predictions)[39m
"
"2","[33m![39m [33mFold1: preprocessor 1/1, model 105/336 (predictions): There are new levels in a f...[39m
"
"2","[34mi[39m [30mFold1: preprocessor 1/1, model 106/336[39m
"
"2","[32m✓[39m [30mFold1: preprocessor 1/1, model 106/336[39m
"
"2","[34mi[39m [30mFold1: preprocessor 1/1, model 106/336 (predictions)[39m
"
"2","[33m![39m [33mFold1: preprocessor 1/1, model 106/336 (predictions): There are new levels in a f...[39m
"
"2","[34mi[39m [30mFold1: preprocessor 1/1, model 107/336[39m
"
"2","[32m✓[39m [30mFold1: preprocessor 1/1, model 107/336[39m
"
"2","[34mi[39m [30mFold1: preprocessor 1/1, model 107/336 (predictions)[39m
"
"2","[33m![39m [33mFold1: preprocessor 1/1, model 107/336 (predictions): There are new levels in a f...[39m
"
"2","[34mi[39m [30mFold1: preprocessor 1/1, model 108/336[39m
"
"2","[32m✓[39m [30mFold1: preprocessor 1/1, model 108/336[39m
"
"2","[34mi[39m [30mFold1: preprocessor 1/1, model 108/336 (predictions)[39m
"
"2","[33m![39m [33mFold1: preprocessor 1/1, model 108/336 (predictions): There are new levels in a f...[39m
"
"2","[34mi[39m [30mFold1: preprocessor 1/1, model 109/336[39m
"
"2","[32m✓[39m [30mFold1: preprocessor 1/1, model 109/336[39m
"
"2","[34mi[39m [30mFold1: preprocessor 1/1, model 109/336 (predictions)[39m
"
"2","[33m![39m [33mFold1: preprocessor 1/1, model 109/336 (predictions): There are new levels in a f...[39m
"
"2","[34mi[39m [30mFold1: preprocessor 1/1, model 110/336[39m
"
"2","[32m✓[39m [30mFold1: preprocessor 1/1, model 110/336[39m
"
"2","[34mi[39m [30mFold1: preprocessor 1/1, model 110/336 (predictions)[39m
"
"2","[33m![39m [33mFold1: preprocessor 1/1, model 110/336 (predictions): There are new levels in a f...[39m
"
"2","[34mi[39m [30mFold1: preprocessor 1/1, model 111/336[39m
"
"2","[33m![39m [33mFold1: preprocessor 1/1, model 111/336: 16 columns were requested but there were ...[39m
"
"2","[32m✓[39m [30mFold1: preprocessor 1/1, model 111/336[39m
"
"2","[34mi[39m [30mFold1: preprocessor 1/1, model 111/336 (predictions)[39m
"
"2","[33m![39m [33mFold1: preprocessor 1/1, model 111/336 (predictions): There are new levels in a f...[39m
"
"2","[34mi[39m [30mFold1: preprocessor 1/1, model 112/336[39m
"
"2","[33m![39m [33mFold1: preprocessor 1/1, model 112/336: 17 columns were requested but there were ...[39m
"
"2","[32m✓[39m [30mFold1: preprocessor 1/1, model 112/336[39m
"
"2","[34mi[39m [30mFold1: preprocessor 1/1, model 112/336 (predictions)[39m
"
"2","[33m![39m [33mFold1: preprocessor 1/1, model 112/336 (predictions): There are new levels in a f...[39m
"
"2","[34mi[39m [30mFold1: preprocessor 1/1, model 113/336[39m
"
"2","[33m![39m [33mFold1: preprocessor 1/1, model 113/336: 18 columns were requested but there were ...[39m
"
"2","[32m✓[39m [30mFold1: preprocessor 1/1, model 113/336[39m
"
"2","[34mi[39m [30mFold1: preprocessor 1/1, model 113/336 (predictions)[39m
"
"2","[33m![39m [33mFold1: preprocessor 1/1, model 113/336 (predictions): There are new levels in a f...[39m
"
"2","[34mi[39m [30mFold1: preprocessor 1/1, model 114/336[39m
"
"2","[33m![39m [33mFold1: preprocessor 1/1, model 114/336: 19 columns were requested but there were ...[39m
"
"2","[32m✓[39m [30mFold1: preprocessor 1/1, model 114/336[39m
"
"2","[34mi[39m [30mFold1: preprocessor 1/1, model 114/336 (predictions)[39m
"
"2","[33m![39m [33mFold1: preprocessor 1/1, model 114/336 (predictions): There are new levels in a f...[39m
"
"2","[34mi[39m [30mFold1: preprocessor 1/1, model 115/336[39m
"
"2","[33m![39m [33mFold1: preprocessor 1/1, model 115/336: 20 columns were requested but there were ...[39m
"
"2","[32m✓[39m [30mFold1: preprocessor 1/1, model 115/336[39m
"
"2","[34mi[39m [30mFold1: preprocessor 1/1, model 115/336 (predictions)[39m
"
"2","[33m![39m [33mFold1: preprocessor 1/1, model 115/336 (predictions): There are new levels in a f...[39m
"
"2","[34mi[39m [30mFold1: preprocessor 1/1, model 116/336[39m
"
"2","[33m![39m [33mFold1: preprocessor 1/1, model 116/336: 21 columns were requested but there were ...[39m
"
"2","[32m✓[39m [30mFold1: preprocessor 1/1, model 116/336[39m
"
"2","[34mi[39m [30mFold1: preprocessor 1/1, model 116/336 (predictions)[39m
"
"2","[33m![39m [33mFold1: preprocessor 1/1, model 116/336 (predictions): There are new levels in a f...[39m
"
"2","[34mi[39m [30mFold1: preprocessor 1/1, model 117/336[39m
"
"2","[33m![39m [33mFold1: preprocessor 1/1, model 117/336: 22 columns were requested but there were ...[39m
"
"2","[32m✓[39m [30mFold1: preprocessor 1/1, model 117/336[39m
"
"2","[34mi[39m [30mFold1: preprocessor 1/1, model 117/336 (predictions)[39m
"
"2","[33m![39m [33mFold1: preprocessor 1/1, model 117/336 (predictions): There are new levels in a f...[39m
"
"2","[34mi[39m [30mFold1: preprocessor 1/1, model 118/336[39m
"
"2","[33m![39m [33mFold1: preprocessor 1/1, model 118/336: 23 columns were requested but there were ...[39m
"
"2","[32m✓[39m [30mFold1: preprocessor 1/1, model 118/336[39m
"
"2","[34mi[39m [30mFold1: preprocessor 1/1, model 118/336 (predictions)[39m
"
"2","[33m![39m [33mFold1: preprocessor 1/1, model 118/336 (predictions): There are new levels in a f...[39m
"
"2","[34mi[39m [30mFold1: preprocessor 1/1, model 119/336[39m
"
"2","[33m![39m [33mFold1: preprocessor 1/1, model 119/336: 24 columns were requested but there were ...[39m
"
"2","[32m✓[39m [30mFold1: preprocessor 1/1, model 119/336[39m
"
"2","[34mi[39m [30mFold1: preprocessor 1/1, model 119/336 (predictions)[39m
"
"2","[33m![39m [33mFold1: preprocessor 1/1, model 119/336 (predictions): There are new levels in a f...[39m
"
"2","[34mi[39m [30mFold1: preprocessor 1/1, model 120/336[39m
"
"2","[33m![39m [33mFold1: preprocessor 1/1, model 120/336: 25 columns were requested but there were ...[39m
"
"2","[32m✓[39m [30mFold1: preprocessor 1/1, model 120/336[39m
"
"2","[34mi[39m [30mFold1: preprocessor 1/1, model 120/336 (predictions)[39m
"
"2","[33m![39m [33mFold1: preprocessor 1/1, model 120/336 (predictions): There are new levels in a f...[39m
"
"2","[34mi[39m [30mFold1: preprocessor 1/1, model 121/336[39m
"
"2","[32m✓[39m [30mFold1: preprocessor 1/1, model 121/336[39m
"
"2","[34mi[39m [30mFold1: preprocessor 1/1, model 121/336 (predictions)[39m
"
"2","[33m![39m [33mFold1: preprocessor 1/1, model 121/336 (predictions): There are new levels in a f...[39m
"
"2","[34mi[39m [30mFold1: preprocessor 1/1, model 122/336[39m
"
"2","[32m✓[39m [30mFold1: preprocessor 1/1, model 122/336[39m
"
"2","[34mi[39m [30mFold1: preprocessor 1/1, model 122/336 (predictions)[39m
"
"2","[33m![39m [33mFold1: preprocessor 1/1, model 122/336 (predictions): There are new levels in a f...[39m
"
"2","[34mi[39m [30mFold1: preprocessor 1/1, model 123/336[39m
"
"2","[32m✓[39m [30mFold1: preprocessor 1/1, model 123/336[39m
"
"2","[34mi[39m [30mFold1: preprocessor 1/1, model 123/336 (predictions)[39m
"
"2","[33m![39m [33mFold1: preprocessor 1/1, model 123/336 (predictions): There are new levels in a f...[39m
"
"2","[34mi[39m [30mFold1: preprocessor 1/1, model 124/336[39m
"
"2","[32m✓[39m [30mFold1: preprocessor 1/1, model 124/336[39m
"
"2","[34mi[39m [30mFold1: preprocessor 1/1, model 124/336 (predictions)[39m
"
"2","[33m![39m [33mFold1: preprocessor 1/1, model 124/336 (predictions): There are new levels in a f...[39m
"
"2","[34mi[39m [30mFold1: preprocessor 1/1, model 125/336[39m
"
"2","[32m✓[39m [30mFold1: preprocessor 1/1, model 125/336[39m
"
"2","[34mi[39m [30mFold1: preprocessor 1/1, model 125/336 (predictions)[39m
"
"2","[33m![39m [33mFold1: preprocessor 1/1, model 125/336 (predictions): There are new levels in a f...[39m
"
"2","[34mi[39m [30mFold1: preprocessor 1/1, model 126/336[39m
"
"2","[32m✓[39m [30mFold1: preprocessor 1/1, model 126/336[39m
"
"2","[34mi[39m [30mFold1: preprocessor 1/1, model 126/336 (predictions)[39m
"
"2","[33m![39m [33mFold1: preprocessor 1/1, model 126/336 (predictions): There are new levels in a f...[39m
"
"2","[34mi[39m [30mFold1: preprocessor 1/1, model 127/336[39m
"
"2","[32m✓[39m [30mFold1: preprocessor 1/1, model 127/336[39m
"
"2","[34mi[39m [30mFold1: preprocessor 1/1, model 127/336 (predictions)[39m
"
"2","[33m![39m [33mFold1: preprocessor 1/1, model 127/336 (predictions): There are new levels in a f...[39m
"
"2","[34mi[39m [30mFold1: preprocessor 1/1, model 128/336[39m
"
"2","[32m✓[39m [30mFold1: preprocessor 1/1, model 128/336[39m
"
"2","[34mi[39m [30mFold1: preprocessor 1/1, model 128/336 (predictions)[39m
"
"2","[33m![39m [33mFold1: preprocessor 1/1, model 128/336 (predictions): There are new levels in a factor: NA[39m
"
"2","[34mi[39m [30mFold1: preprocessor 1/1, model 129/336[39m
"
"2","[32m✓[39m [30mFold1: preprocessor 1/1, model 129/336[39m
"
"2","[34mi[39m [30mFold1: preprocessor 1/1, model 129/336 (predictions)[39m
"
"2","[33m![39m [33mFold1: preprocessor 1/1, model 129/336 (predictions): There are new levels in a factor: NA[39m
"
"2","[34mi[39m [30mFold1: preprocessor 1/1, model 130/336[39m
"
"2","[32m✓[39m [30mFold1: preprocessor 1/1, model 130/336[39m
"
"2","[34mi[39m [30mFold1: preprocessor 1/1, model 130/336 (predictions)[39m
"
"2","[33m![39m [33mFold1: preprocessor 1/1, model 130/336 (predictions): There are new levels in a factor: NA[39m
"
"2","[34mi[39m [30mFold1: preprocessor 1/1, model 131/336[39m
"
"2","[32m✓[39m [30mFold1: preprocessor 1/1, model 131/336[39m
"
"2","[34mi[39m [30mFold1: preprocessor 1/1, model 131/336 (predictions)[39m
"
"2","[33m![39m [33mFold1: preprocessor 1/1, model 131/336 (predictions): There are new levels in a factor: NA[39m
"
"2","[34mi[39m [30mFold1: preprocessor 1/1, model 132/336[39m
"
"2","[32m✓[39m [30mFold1: preprocessor 1/1, model 132/336[39m
"
"2","[34mi[39m [30mFold1: preprocessor 1/1, model 132/336 (predictions)[39m
"
"2","[33m![39m [33mFold1: preprocessor 1/1, model 132/336 (predictions): There are new levels in a factor: NA[39m
"
"2","[34mi[39m [30mFold1: preprocessor 1/1, model 133/336[39m
"
"2","[32m✓[39m [30mFold1: preprocessor 1/1, model 133/336[39m
"
"2","[34mi[39m [30mFold1: preprocessor 1/1, model 133/336 (predictions)[39m
"
"2","[33m![39m [33mFold1: preprocessor 1/1, model 133/336 (predictions): There are new levels in a factor: NA[39m
"
"2","[34mi[39m [30mFold1: preprocessor 1/1, model 134/336[39m
"
"2","[32m✓[39m [30mFold1: preprocessor 1/1, model 134/336[39m
"
"2","[34mi[39m [30mFold1: preprocessor 1/1, model 134/336 (predictions)[39m
"
"2","[33m![39m [33mFold1: preprocessor 1/1, model 134/336 (predictions): There are new levels in a factor: NA[39m
"
"2","[34mi[39m [30mFold1: preprocessor 1/1, model 135/336[39m
"
"2","[33m![39m [33mFold1: preprocessor 1/1, model 135/336: 16 columns were requested but there were 15 predictors in the data. 15 will be used.[39m
"
"2","[32m✓[39m [30mFold1: preprocessor 1/1, model 135/336[39m
"
"2","[34mi[39m [30mFold1: preprocessor 1/1, model 135/336 (predictions)[39m
"
"2","[33m![39m [33mFold1: preprocessor 1/1, model 135/336 (predictions): There are new levels in a factor: NA[39m
"
"2","[34mi[39m [30mFold1: preprocessor 1/1, model 136/336[39m
"
"2","[33m![39m [33mFold1: preprocessor 1/1, model 136/336: 17 columns were requested but there were 15 predictors in the data. 15 will be used.[39m
"
"2","[32m✓[39m [30mFold1: preprocessor 1/1, model 136/336[39m
"
"2","[34mi[39m [30mFold1: preprocessor 1/1, model 136/336 (predictions)[39m
"
"2","[33m![39m [33mFold1: preprocessor 1/1, model 136/336 (predictions): There are new levels in a factor: NA[39m
"
"2","[34mi[39m [30mFold1: preprocessor 1/1, model 137/336[39m
"
"2","[33m![39m [33mFold1: preprocessor 1/1, model 137/336: 18 columns were requested but there were 15 predictors in the data. 15 will be used.[39m
"
"2","[32m✓[39m [30mFold1: preprocessor 1/1, model 137/336[39m
"
"2","[34mi[39m [30mFold1: preprocessor 1/1, model 137/336 (predictions)[39m
"
"2","[33m![39m [33mFold1: preprocessor 1/1, model 137/336 (predictions): There are new levels in a factor: NA[39m
"
"2","[34mi[39m [30mFold1: preprocessor 1/1, model 138/336[39m
"
"2","[33m![39m [33mFold1: preprocessor 1/1, model 138/336: 19 columns were requested but there were 15 predictors in the data. 15 will be used.[39m
"
"2","[32m✓[39m [30mFold1: preprocessor 1/1, model 138/336[39m
"
"2","[34mi[39m [30mFold1: preprocessor 1/1, model 138/336 (predictions)[39m
"
"2","[33m![39m [33mFold1: preprocessor 1/1, model 138/336 (predictions): There are new levels in a factor: NA[39m
"
"2","[34mi[39m [30mFold1: preprocessor 1/1, model 139/336[39m
"
"2","[33m![39m [33mFold1: preprocessor 1/1, model 139/336: 20 columns were requested but there were 15 predictors in the data. 15 will be used.[39m
"
"2","[32m✓[39m [30mFold1: preprocessor 1/1, model 139/336[39m
"
"2","[34mi[39m [30mFold1: preprocessor 1/1, model 139/336 (predictions)[39m
"
"2","[33m![39m [33mFold1: preprocessor 1/1, model 139/336 (predictions): There are new levels in a factor: NA[39m
"
"2","[34mi[39m [30mFold1: preprocessor 1/1, model 140/336[39m
"
"2","[33m![39m [33mFold1: preprocessor 1/1, model 140/336: 21 columns were requested but there were 15 predictors in the data. 15 will be used.[39m
"
"2","[32m✓[39m [30mFold1: preprocessor 1/1, model 140/336[39m
"
"2","[34mi[39m [30mFold1: preprocessor 1/1, model 140/336 (predictions)[39m
"
"2","[33m![39m [33mFold1: preprocessor 1/1, model 140/336 (predictions): There are new levels in a factor: NA[39m
"
"2","[34mi[39m [30mFold1: preprocessor 1/1, model 141/336[39m
"
"2","[33m![39m [33mFold1: preprocessor 1/1, model 141/336: 22 columns were requested but there were 15 predictors in the data. 15 will be used.[39m
"
"2","[32m✓[39m [30mFold1: preprocessor 1/1, model 141/336[39m
"
"2","[34mi[39m [30mFold1: preprocessor 1/1, model 141/336 (predictions)[39m
"
"2","[33m![39m [33mFold1: preprocessor 1/1, model 141/336 (predictions): There are new levels in a factor: NA[39m
"
"2","[34mi[39m [30mFold1: preprocessor 1/1, model 142/336[39m
"
"2","[33m![39m [33mFold1: preprocessor 1/1, model 142/336: 23 columns were requested but there were 15 predictors in the data. 15 will be used.[39m
"
"2","[32m✓[39m [30mFold1: preprocessor 1/1, model 142/336[39m
"
"2","[34mi[39m [30mFold1: preprocessor 1/1, model 142/336 (predictions)[39m
"
"2","[33m![39m [33mFold1: preprocessor 1/1, model 142/336 (predictions): There are new levels in a factor: NA[39m
"
"2","[34mi[39m [30mFold1: preprocessor 1/1, model 143/336[39m
"
"2","[33m![39m [33mFold1: preprocessor 1/1, model 143/336: 24 columns were requested but there were 15 predictors in the data. 15 will be used.[39m
"
"2","[32m✓[39m [30mFold1: preprocessor 1/1, model 143/336[39m
"
"2","[34mi[39m [30mFold1: preprocessor 1/1, model 143/336 (predictions)[39m
"
"2","[33m![39m [33mFold1: preprocessor 1/1, model 143/336 (predictions): There are new levels in a factor: NA[39m
"
"2","[34mi[39m [30mFold1: preprocessor 1/1, model 144/336[39m
"
"2","[33m![39m [33mFold1: preprocessor 1/1, model 144/336: 25 columns were requested but there were 15 predictors in the data. 15 will be used.[39m
"
"2","[32m✓[39m [30mFold1: preprocessor 1/1, model 144/336[39m
"
"2","[34mi[39m [30mFold1: preprocessor 1/1, model 144/336 (predictions)[39m
"
"2","[33m![39m [33mFold1: preprocessor 1/1, model 144/336 (predictions): There are new levels in a factor: NA[39m
"
"2","[34mi[39m [30mFold1: preprocessor 1/1, model 145/336[39m
"
"2","[32m✓[39m [30mFold1: preprocessor 1/1, model 145/336[39m
"
"2","[34mi[39m [30mFold1: preprocessor 1/1, model 145/336 (predictions)[39m
"
"2","[33m![39m [33mFold1: preprocessor 1/1, model 145/336 (predictions): There are new levels in a factor: NA[39m
"
"2","[34mi[39m [30mFold1: preprocessor 1/1, model 146/336[39m
"
"2","
"
